<?xml version="1.0" encoding="UTF-8"?>
<configurationDescriptor version="97">
  <logicalFolder name="root" displayName="root" projectFiles="true" kind="ROOT">
    <df root="." name="0">
      <df name="build">
        <df name="debug">
          <df name="libstreetmap">
            <df name="src">
              <in>HashTable.h</in>
            </df>
          </df>
        </df>
      </df>
      <df name="libstreetmap">
        <df name="src">
          <df name="easygl">
            <in>Surface.cpp</in>
            <in>example.cpp</in>
            <in>fontcache.cpp</in>
            <in>graphics.cpp</in>
            <in>graphics_state.cpp</in>
            <in>graphics_types.cpp</in>
          </df>
          <df name="Unused">
            <in>HashTable.cpp</in>
            <in>HashTable.h</in>
            <in>Unused_code.cpp</in>
          </df>
          <in>m1.cpp</in>
          <in>m2.cpp</in>
          <in>testFile.cpp</in>
        </df>
        <df name="tests">
          <in>M1_find_street_ids_from_name.cpp</in>
          <in>tester_main.cpp</in>
        </df>
      </df>
      <df name="main">
        <df name="src">
          <in>main.cpp</in>
        </df>
      </df>
    </df>
    <df root="." name="1">
    </df>
    <df root="." name="2">
    </df>
    <df root="." name="3">
    </df>
    <logicalFolder name="mapper" displayName="mapper" projectFiles="true">
      <logicalFolder name="libstreetmap"
                     displayName="libstreetmap"
                     projectFiles="true">
        <logicalFolder name="src" displayName="src" projectFiles="true">
          <logicalFolder name="easygl" displayName="easygl" projectFiles="true">
            <itemPath>/homes/r/rahma314/NetBeansProjects/mapper/libstreetmap/src/easygl/Surface.cpp</itemPath>
            <itemPath>/homes/r/rahma314/NetBeansProjects/mapper_repo/mapper/libstreetmap/src/easygl/Surface.cpp</itemPath>
            <itemPath>/homes/r/rahma314/NetBeansProjects/mapper/libstreetmap/src/easygl/Surface.h</itemPath>
            <itemPath>/homes/r/rahma314/NetBeansProjects/mapper_repo/mapper/libstreetmap/src/easygl/Surface.h</itemPath>
            <itemPath>/homes/r/rahma314/NetBeansProjects/mapper/libstreetmap/src/easygl/easygl_constants.h</itemPath>
            <itemPath>/homes/r/rahma314/NetBeansProjects/mapper_repo/mapper/libstreetmap/src/easygl/easygl_constants.h</itemPath>
            <itemPath>/homes/r/rahma314/NetBeansProjects/mapper/libstreetmap/src/easygl/example.cpp</itemPath>
            <itemPath>/homes/r/rahma314/NetBeansProjects/mapper_repo/mapper/libstreetmap/src/easygl/example.cpp</itemPath>
            <itemPath>/homes/r/rahma314/NetBeansProjects/mapper/libstreetmap/src/easygl/fontcache.cpp</itemPath>
            <itemPath>/homes/r/rahma314/NetBeansProjects/mapper_repo/mapper/libstreetmap/src/easygl/fontcache.cpp</itemPath>
            <itemPath>/homes/r/rahma314/NetBeansProjects/mapper/libstreetmap/src/easygl/fontcache.h</itemPath>
            <itemPath>/homes/r/rahma314/NetBeansProjects/mapper_repo/mapper/libstreetmap/src/easygl/fontcache.h</itemPath>
            <itemPath>/homes/r/rahma314/NetBeansProjects/mapper/libstreetmap/src/easygl/graphics.cpp</itemPath>
            <itemPath>/homes/r/rahma314/NetBeansProjects/mapper_repo/mapper/libstreetmap/src/easygl/graphics.cpp</itemPath>
            <itemPath>/homes/r/rahma314/NetBeansProjects/mapper/libstreetmap/src/easygl/graphics.h</itemPath>
            <itemPath>/homes/r/rahma314/NetBeansProjects/mapper_repo/mapper/libstreetmap/src/easygl/graphics.h</itemPath>
            <itemPath>/homes/r/rahma314/NetBeansProjects/mapper/libstreetmap/src/easygl/graphics_automark.h</itemPath>
            <itemPath>/homes/r/rahma314/NetBeansProjects/mapper_repo/mapper/libstreetmap/src/easygl/graphics_automark.h</itemPath>
            <itemPath>/homes/r/rahma314/NetBeansProjects/mapper/libstreetmap/src/easygl/graphics_state.cpp</itemPath>
            <itemPath>/homes/r/rahma314/NetBeansProjects/mapper_repo/mapper/libstreetmap/src/easygl/graphics_state.cpp</itemPath>
            <itemPath>/homes/r/rahma314/NetBeansProjects/mapper/libstreetmap/src/easygl/graphics_state.h</itemPath>
            <itemPath>/homes/r/rahma314/NetBeansProjects/mapper_repo/mapper/libstreetmap/src/easygl/graphics_state.h</itemPath>
            <itemPath>/homes/r/rahma314/NetBeansProjects/mapper/libstreetmap/src/easygl/graphics_types.cpp</itemPath>
            <itemPath>/homes/r/rahma314/NetBeansProjects/mapper_repo/mapper/libstreetmap/src/easygl/graphics_types.cpp</itemPath>
            <itemPath>/homes/r/rahma314/NetBeansProjects/mapper/libstreetmap/src/easygl/graphics_types.h</itemPath>
            <itemPath>/homes/r/rahma314/NetBeansProjects/mapper_repo/mapper/libstreetmap/src/easygl/graphics_types.h</itemPath>
          </logicalFolder>
          <logicalFolder name="Unused" displayName="Unused" projectFiles="true">
            <itemPath>/homes/r/rahma314/NetBeansProjects/mapper_repo/mapper/libstreetmap/src/Unused/HashTable.cpp</itemPath>
            <itemPath>/homes/r/rahma314/NetBeansProjects/mapper_repo/mapper/libstreetmap/src/Unused/Unused_code.cpp</itemPath>
          </logicalFolder>
          <itemPath>/homes/r/rahma314/NetBeansProjects/mapper_repo/mapper/libstreetmap/src/DataStructures.h</itemPath>
          <itemPath>/homes/r/rahma314/NetBeansProjects/mapper_repo/mapper/libstreetmap/src/Global_Variables.h</itemPath>
          <itemPath>/homes/r/rahma314/NetBeansProjects/mapper/libstreetmap/src/HashTable.cpp</itemPath>
          <itemPath>/homes/r/rahma314/NetBeansProjects/mapper_repo/mapper/libstreetmap/src/Node.cpp</itemPath>
          <itemPath>/homes/r/rahma314/NetBeansProjects/mapper_repo/mapper/libstreetmap/src/Node.h</itemPath>
          <itemPath>/homes/r/rahma314/NetBeansProjects/mapper/libstreetmap/src/m1.cpp</itemPath>
          <itemPath>/homes/r/rahma314/NetBeansProjects/mapper_repo/mapper/libstreetmap/src/m1.cpp</itemPath>
          <itemPath>/homes/r/rahma314/NetBeansProjects/mapper/libstreetmap/src/m2.cpp</itemPath>
          <itemPath>/homes/r/rahma314/NetBeansProjects/mapper_repo/mapper/libstreetmap/src/m2.cpp</itemPath>
          <itemPath>/homes/r/rahma314/NetBeansProjects/mapper/libstreetmap/src/m2Mod.h</itemPath>
          <itemPath>/homes/r/rahma314/NetBeansProjects/mapper_repo/mapper/libstreetmap/src/m2Mod.h</itemPath>
          <itemPath>/homes/r/rahma314/NetBeansProjects/mapper_repo/mapper/libstreetmap/src/m3.cpp</itemPath>
          <itemPath>/homes/r/rahma314/NetBeansProjects/mapper_repo/mapper/libstreetmap/src/m3Mod.h</itemPath>
          <itemPath>/homes/r/rahma314/NetBeansProjects/mapper_repo/mapper/libstreetmap/src/testFile.cpp</itemPath>
        </logicalFolder>
      </logicalFolder>
      <logicalFolder name="main" displayName="main" projectFiles="true">
        <logicalFolder name="src" displayName="src" projectFiles="true">
          <itemPath>/homes/r/rahma314/NetBeansProjects/mapper/main/src/main.cpp</itemPath>
          <itemPath>/homes/r/rahma314/NetBeansProjects/mapper_repo/mapper/main/src/main.cpp</itemPath>
        </logicalFolder>
      </logicalFolder>
    </logicalFolder>
    <logicalFolder name="ExternalFiles"
                   displayName="Important Files"
                   projectFiles="false"
                   kind="IMPORTANT_FILES_FOLDER">
      <itemPath>Makefile</itemPath>
    </logicalFolder>
    <logicalFolder name="ExternalFiles"
                   displayName="Important Files"
                   projectFiles="false"
                   kind="IMPORTANT_FILES_FOLDER">
      <itemPath>Makefile</itemPath>
    </logicalFolder>
    <logicalFolder name="ExternalFiles"
                   displayName="Important Files"
                   projectFiles="false"
                   kind="IMPORTANT_FILES_FOLDER">
      <itemPath>Makefile</itemPath>
    </logicalFolder>
    <logicalFolder name="ExternalFiles"
                   displayName="Important Files"
                   projectFiles="false"
                   kind="IMPORTANT_FILES_FOLDER">
      <itemPath>Makefile</itemPath>
    </logicalFolder>
  </logicalFolder>
  <sourceFolderFilter>^(nbproject)$</sourceFolderFilter>
  <sourceRootList>
    <Elem>.</Elem>
    <Elem>.</Elem>
    <Elem>.</Elem>
    <Elem>.</Elem>
  </sourceRootList>
  <projectmakefile>Makefile</projectmakefile>
  <confs>
    <conf name="Release" type="0">
      <toolsSet>
        <compilerSet>GNU|GNU</compilerSet>
        <dependencyChecking>false</dependencyChecking>
        <rebuildPropChanged>false</rebuildPropChanged>
      </toolsSet>
      <flagsDictionary>
        <element flagsID="0" commonFlags="-std=c++11 -O3 -fopenmp"/>
      </flagsDictionary>
      <codeAssistance>
      </codeAssistance>
      <makefileType>
        <makeTool>
          <buildCommandWorkingDir>.</buildCommandWorkingDir>
          <buildCommand>${MAKE} -f Makefile CONF=release</buildCommand>
          <cleanCommand>${MAKE} -f Makefile clean</cleanCommand>
          <executablePath>mapper</executablePath>
          <ccTool flags="-O3 -std=c++11 -fopenmp">
          </ccTool>
        </makeTool>
        <preBuild>
          <preBuildCommandWorkingDir>.</preBuildCommandWorkingDir>
          <preBuildCommand></preBuildCommand>
        </preBuild>
      </makefileType>
      <item path="/homes/r/rahma314/NetBeansProjects/mapper/libstreetmap/src/HashTable.cpp"
            ex="false"
            tool="1"
            flavor2="8">
        <ccTool flags="0">
          <incDir>
            <pElem>/homes/r/rahma314/NetBeansProjects/mapper/libstreetmap/src</pElem>
            <pElem>/homes/r/rahma314/NetBeansProjects/mapper/libstreetmap/src/easygl</pElem>
            <pElem>/cad2/ece297s/public/include/milestones</pElem>
            <pElem>/cad2/ece297s/public/include/streetsdatabase</pElem>
            <pElem>/usr/include/cairo</pElem>
            <pElem>/usr/include/glib-2.0</pElem>
            <pElem>/usr/lib/x86_64-linux-gnu/glib-2.0/include</pElem>
            <pElem>/usr/include/pixman-1</pElem>
            <pElem>/usr/include/freetype2</pElem>
            <pElem>/usr/include/libpng12</pElem>
            <pElem>/homes/r/rahma314/NetBeansProjects/mapper</pElem>
          </incDir>
        </ccTool>
      </item>
      <item path="/homes/r/rahma314/NetBeansProjects/mapper/libstreetmap/src/easygl/Surface.cpp"
            ex="false"
            tool="1"
            flavor2="8">
        <ccTool flags="0">
        </ccTool>
      </item>
      <item path="/homes/r/rahma314/NetBeansProjects/mapper/libstreetmap/src/easygl/example.cpp"
            ex="false"
            tool="1"
            flavor2="8">
        <ccTool flags="0">
        </ccTool>
      </item>
      <item path="/homes/r/rahma314/NetBeansProjects/mapper/libstreetmap/src/easygl/fontcache.cpp"
            ex="false"
            tool="1"
            flavor2="8">
        <ccTool flags="0">
        </ccTool>
      </item>
      <item path="/homes/r/rahma314/NetBeansProjects/mapper/libstreetmap/src/easygl/graphics.cpp"
            ex="false"
            tool="1"
            flavor2="8">
        <ccTool flags="0">
        </ccTool>
      </item>
      <item path="/homes/r/rahma314/NetBeansProjects/mapper/libstreetmap/src/easygl/graphics_state.cpp"
            ex="false"
            tool="1"
            flavor2="8">
        <ccTool flags="0">
        </ccTool>
      </item>
      <item path="/homes/r/rahma314/NetBeansProjects/mapper/libstreetmap/src/easygl/graphics_types.cpp"
            ex="false"
            tool="1"
            flavor2="8">
        <ccTool flags="0">
        </ccTool>
      </item>
      <item path="/homes/r/rahma314/NetBeansProjects/mapper/libstreetmap/src/m1.cpp"
            ex="false"
            tool="1"
            flavor2="8">
        <ccTool flags="0">
          <incDir>
            <pElem>/homes/r/rahma314/NetBeansProjects/mapper/libstreetmap/src</pElem>
            <pElem>/homes/r/rahma314/NetBeansProjects/mapper/libstreetmap/src/easygl</pElem>
            <pElem>/cad2/ece297s/public/include/milestones</pElem>
            <pElem>/cad2/ece297s/public/include/streetsdatabase</pElem>
            <pElem>/usr/include/cairo</pElem>
            <pElem>/usr/include/glib-2.0</pElem>
            <pElem>/usr/lib/x86_64-linux-gnu/glib-2.0/include</pElem>
            <pElem>/usr/include/pixman-1</pElem>
            <pElem>/usr/include/freetype2</pElem>
            <pElem>/usr/include/libpng12</pElem>
            <pElem>/homes/r/rahma314/NetBeansProjects/mapper</pElem>
          </incDir>
        </ccTool>
      </item>
      <item path="/homes/r/rahma314/NetBeansProjects/mapper/libstreetmap/src/m2.cpp"
            ex="false"
            tool="1"
            flavor2="8">
        <ccTool flags="0">
          <incDir>
            <pElem>/homes/r/rahma314/NetBeansProjects/mapper/libstreetmap/src</pElem>
            <pElem>/homes/r/rahma314/NetBeansProjects/mapper/libstreetmap/src/easygl</pElem>
            <pElem>/cad2/ece297s/public/include/milestones</pElem>
            <pElem>/cad2/ece297s/public/include/streetsdatabase</pElem>
            <pElem>/usr/include/cairo</pElem>
            <pElem>/usr/include/glib-2.0</pElem>
            <pElem>/usr/lib/x86_64-linux-gnu/glib-2.0/include</pElem>
            <pElem>/usr/include/pixman-1</pElem>
            <pElem>/usr/include/freetype2</pElem>
            <pElem>/usr/include/libpng12</pElem>
            <pElem>/homes/r/rahma314/NetBeansProjects/mapper</pElem>
          </incDir>
        </ccTool>
      </item>
      <item path="/homes/r/rahma314/NetBeansProjects/mapper/main/src/main.cpp"
            ex="false"
            tool="1"
            flavor2="8">
        <ccTool flags="0">
        </ccTool>
      </item>
      <item path="/homes/r/rahma314/NetBeansProjects/mapper_repo/mapper/libstreetmap/src/Node.cpp"
            ex="false"
            tool="1"
            flavor2="8">
        <ccTool flags="0">
          <incDir>
            <pElem>/homes/r/rahma314/NetBeansProjects/mapper/libstreetmap/src</pElem>
            <pElem>/homes/r/rahma314/NetBeansProjects/mapper/libstreetmap/src/easygl</pElem>
            <pElem>/cad2/ece297s/public/include/milestones</pElem>
            <pElem>/cad2/ece297s/public/include/streetsdatabase</pElem>
            <pElem>/usr/include/cairo</pElem>
            <pElem>/usr/include/glib-2.0</pElem>
            <pElem>/usr/lib/x86_64-linux-gnu/glib-2.0/include</pElem>
            <pElem>/usr/include/pixman-1</pElem>
            <pElem>/usr/include/freetype2</pElem>
            <pElem>/usr/include/libpng12</pElem>
            <pElem>/homes/r/rahma314/NetBeansProjects/mapper</pElem>
            <pElem>/homes/r/rahma314/NetBeansProjects/mapper_repo/mapper/libstreetmap/src</pElem>
            <pElem>/homes/r/rahma314/NetBeansProjects/mapper_repo/mapper/libstreetmap/src/Unused</pElem>
            <pElem>/homes/r/rahma314/NetBeansProjects/mapper_repo/mapper/libstreetmap/src/easygl</pElem>
            <pElem>/homes/r/rahma314/NetBeansProjects/mapper_repo/mapper</pElem>
          </incDir>
        </ccTool>
      </item>
      <item path="/homes/r/rahma314/NetBeansProjects/mapper_repo/mapper/libstreetmap/src/Unused/HashTable.cpp"
            ex="false"
            tool="1"
            flavor2="8">
        <ccTool flags="0">
        </ccTool>
      </item>
      <item path="/homes/r/rahma314/NetBeansProjects/mapper_repo/mapper/libstreetmap/src/Unused/Unused_code.cpp"
            ex="false"
            tool="1"
            flavor2="8">
        <ccTool flags="0">
        </ccTool>
      </item>
      <item path="/homes/r/rahma314/NetBeansProjects/mapper_repo/mapper/libstreetmap/src/easygl/Surface.cpp"
            ex="false"
            tool="1"
            flavor2="8">
        <ccTool flags="0">
          <incDir>
            <pElem>/homes/r/rahma314/NetBeansProjects/mapper_repo/mapper/libstreetmap/src</pElem>
            <pElem>/homes/r/rahma314/NetBeansProjects/mapper_repo/mapper/libstreetmap/src/Unused</pElem>
            <pElem>/homes/r/rahma314/NetBeansProjects/mapper_repo/mapper/libstreetmap/src/easygl</pElem>
            <pElem>/homes/r/rahma314/NetBeansProjects/mapper_repo/mapper</pElem>
          </incDir>
        </ccTool>
      </item>
      <item path="/homes/r/rahma314/NetBeansProjects/mapper_repo/mapper/libstreetmap/src/easygl/example.cpp"
            ex="false"
            tool="1"
            flavor2="8">
        <ccTool flags="0">
          <incDir>
            <pElem>/homes/r/rahma314/NetBeansProjects/mapper_repo/mapper/libstreetmap/src</pElem>
            <pElem>/homes/r/rahma314/NetBeansProjects/mapper_repo/mapper/libstreetmap/src/Unused</pElem>
            <pElem>/homes/r/rahma314/NetBeansProjects/mapper_repo/mapper/libstreetmap/src/easygl</pElem>
            <pElem>/homes/r/rahma314/NetBeansProjects/mapper_repo/mapper</pElem>
          </incDir>
        </ccTool>
      </item>
      <item path="/homes/r/rahma314/NetBeansProjects/mapper_repo/mapper/libstreetmap/src/easygl/fontcache.cpp"
            ex="false"
            tool="1"
            flavor2="8">
        <ccTool flags="0">
          <incDir>
            <pElem>/homes/r/rahma314/NetBeansProjects/mapper_repo/mapper/libstreetmap/src</pElem>
            <pElem>/homes/r/rahma314/NetBeansProjects/mapper_repo/mapper/libstreetmap/src/Unused</pElem>
            <pElem>/homes/r/rahma314/NetBeansProjects/mapper_repo/mapper/libstreetmap/src/easygl</pElem>
            <pElem>/homes/r/rahma314/NetBeansProjects/mapper_repo/mapper</pElem>
          </incDir>
        </ccTool>
      </item>
      <item path="/homes/r/rahma314/NetBeansProjects/mapper_repo/mapper/libstreetmap/src/easygl/graphics.cpp"
            ex="false"
            tool="1"
            flavor2="8">
        <ccTool flags="0">
          <incDir>
            <pElem>/homes/r/rahma314/NetBeansProjects/mapper_repo/mapper/libstreetmap/src</pElem>
            <pElem>/homes/r/rahma314/NetBeansProjects/mapper_repo/mapper/libstreetmap/src/Unused</pElem>
            <pElem>/homes/r/rahma314/NetBeansProjects/mapper_repo/mapper/libstreetmap/src/easygl</pElem>
            <pElem>/homes/r/rahma314/NetBeansProjects/mapper_repo/mapper</pElem>
          </incDir>
        </ccTool>
      </item>
      <item path="/homes/r/rahma314/NetBeansProjects/mapper_repo/mapper/libstreetmap/src/easygl/graphics_state.cpp"
            ex="false"
            tool="1"
            flavor2="8">
        <ccTool flags="0">
          <incDir>
            <pElem>/homes/r/rahma314/NetBeansProjects/mapper_repo/mapper/libstreetmap/src</pElem>
            <pElem>/homes/r/rahma314/NetBeansProjects/mapper_repo/mapper/libstreetmap/src/Unused</pElem>
            <pElem>/homes/r/rahma314/NetBeansProjects/mapper_repo/mapper/libstreetmap/src/easygl</pElem>
            <pElem>/homes/r/rahma314/NetBeansProjects/mapper_repo/mapper</pElem>
          </incDir>
        </ccTool>
      </item>
      <item path="/homes/r/rahma314/NetBeansProjects/mapper_repo/mapper/libstreetmap/src/easygl/graphics_types.cpp"
            ex="false"
            tool="1"
            flavor2="8">
        <ccTool flags="0">
          <incDir>
            <pElem>/homes/r/rahma314/NetBeansProjects/mapper_repo/mapper/libstreetmap/src</pElem>
            <pElem>/homes/r/rahma314/NetBeansProjects/mapper_repo/mapper/libstreetmap/src/Unused</pElem>
            <pElem>/homes/r/rahma314/NetBeansProjects/mapper_repo/mapper/libstreetmap/src/easygl</pElem>
            <pElem>/homes/r/rahma314/NetBeansProjects/mapper_repo/mapper</pElem>
          </incDir>
        </ccTool>
      </item>
      <item path="/homes/r/rahma314/NetBeansProjects/mapper_repo/mapper/libstreetmap/src/m1.cpp"
            ex="false"
            tool="1"
            flavor2="8">
        <ccTool flags="0">
          <incDir>
            <pElem>/homes/r/rahma314/NetBeansProjects/mapper/libstreetmap/src</pElem>
            <pElem>/homes/r/rahma314/NetBeansProjects/mapper/libstreetmap/src/easygl</pElem>
            <pElem>/cad2/ece297s/public/include/milestones</pElem>
            <pElem>/cad2/ece297s/public/include/streetsdatabase</pElem>
            <pElem>/usr/include/cairo</pElem>
            <pElem>/usr/include/glib-2.0</pElem>
            <pElem>/usr/lib/x86_64-linux-gnu/glib-2.0/include</pElem>
            <pElem>/usr/include/pixman-1</pElem>
            <pElem>/usr/include/freetype2</pElem>
            <pElem>/usr/include/libpng12</pElem>
            <pElem>/homes/r/rahma314/NetBeansProjects/mapper</pElem>
            <pElem>/homes/r/rahma314/NetBeansProjects/mapper_repo/mapper/libstreetmap/src</pElem>
            <pElem>/homes/r/rahma314/NetBeansProjects/mapper_repo/mapper/libstreetmap/src/Unused</pElem>
            <pElem>/homes/r/rahma314/NetBeansProjects/mapper_repo/mapper/libstreetmap/src/easygl</pElem>
            <pElem>/homes/r/rahma314/NetBeansProjects/mapper_repo/mapper</pElem>
          </incDir>
        </ccTool>
      </item>
      <item path="/homes/r/rahma314/NetBeansProjects/mapper_repo/mapper/libstreetmap/src/m2.cpp"
            ex="false"
            tool="1"
            flavor2="8">
        <ccTool flags="0">
          <incDir>
            <pElem>/homes/r/rahma314/NetBeansProjects/mapper_repo/mapper/libstreetmap/src</pElem>
            <pElem>/homes/r/rahma314/NetBeansProjects/mapper_repo/mapper/libstreetmap/src/Unused</pElem>
            <pElem>/homes/r/rahma314/NetBeansProjects/mapper_repo/mapper/libstreetmap/src/easygl</pElem>
            <pElem>/cad2/ece297s/public/include/milestones</pElem>
            <pElem>/cad2/ece297s/public/include/streetsdatabase</pElem>
            <pElem>/usr/include/cairo</pElem>
            <pElem>/usr/include/glib-2.0</pElem>
            <pElem>/usr/lib/x86_64-linux-gnu/glib-2.0/include</pElem>
            <pElem>/usr/include/pixman-1</pElem>
            <pElem>/usr/include/freetype2</pElem>
            <pElem>/usr/include/libpng12</pElem>
            <pElem>/homes/r/rahma314/NetBeansProjects/mapper_repo/mapper</pElem>
          </incDir>
        </ccTool>
      </item>
      <item path="/homes/r/rahma314/NetBeansProjects/mapper_repo/mapper/libstreetmap/src/m3.cpp"
            ex="false"
            tool="1"
            flavor2="8">
        <ccTool flags="0">
          <incDir>
            <pElem>/homes/r/rahma314/NetBeansProjects/mapper/libstreetmap/src</pElem>
            <pElem>/homes/r/rahma314/NetBeansProjects/mapper/libstreetmap/src/easygl</pElem>
            <pElem>/cad2/ece297s/public/include/milestones</pElem>
            <pElem>/cad2/ece297s/public/include/streetsdatabase</pElem>
            <pElem>/usr/include/cairo</pElem>
            <pElem>/usr/include/glib-2.0</pElem>
            <pElem>/usr/lib/x86_64-linux-gnu/glib-2.0/include</pElem>
            <pElem>/usr/include/pixman-1</pElem>
            <pElem>/usr/include/freetype2</pElem>
            <pElem>/usr/include/libpng12</pElem>
            <pElem>/homes/r/rahma314/NetBeansProjects/mapper</pElem>
            <pElem>/homes/r/rahma314/NetBeansProjects/mapper_repo/mapper/libstreetmap/src</pElem>
            <pElem>/homes/r/rahma314/NetBeansProjects/mapper_repo/mapper/libstreetmap/src/Unused</pElem>
            <pElem>/homes/r/rahma314/NetBeansProjects/mapper_repo/mapper/libstreetmap/src/easygl</pElem>
            <pElem>/homes/r/rahma314/NetBeansProjects/mapper_repo/mapper</pElem>
          </incDir>
        </ccTool>
      </item>
      <item path="/homes/r/rahma314/NetBeansProjects/mapper_repo/mapper/libstreetmap/src/testFile.cpp"
            ex="false"
            tool="1"
            flavor2="8">
        <ccTool flags="0">
          <incDir>
            <pElem>/homes/r/rahma314/NetBeansProjects/mapper/libstreetmap/src</pElem>
            <pElem>/homes/r/rahma314/NetBeansProjects/mapper/libstreetmap/src/easygl</pElem>
            <pElem>/cad2/ece297s/public/include/milestones</pElem>
            <pElem>/cad2/ece297s/public/include/streetsdatabase</pElem>
            <pElem>/usr/include/cairo</pElem>
            <pElem>/usr/include/glib-2.0</pElem>
            <pElem>/usr/lib/x86_64-linux-gnu/glib-2.0/include</pElem>
            <pElem>/usr/include/pixman-1</pElem>
            <pElem>/usr/include/freetype2</pElem>
            <pElem>/usr/include/libpng12</pElem>
            <pElem>/homes/r/rahma314/NetBeansProjects/mapper</pElem>
            <pElem>/homes/r/rahma314/NetBeansProjects/mapper_repo/mapper/libstreetmap/src</pElem>
            <pElem>/homes/r/rahma314/NetBeansProjects/mapper_repo/mapper/libstreetmap/src/Unused</pElem>
            <pElem>/homes/r/rahma314/NetBeansProjects/mapper_repo/mapper/libstreetmap/src/easygl</pElem>
            <pElem>/homes/r/rahma314/NetBeansProjects/mapper_repo/mapper</pElem>
          </incDir>
        </ccTool>
      </item>
      <item path="/homes/r/rahma314/NetBeansProjects/mapper_repo/mapper/main/src/main.cpp"
            ex="false"
            tool="1"
            flavor2="8">
        <ccTool flags="0">
          <incDir>
            <pElem>/homes/r/rahma314/NetBeansProjects/mapper_repo/mapper/libstreetmap/src</pElem>
            <pElem>/homes/r/rahma314/NetBeansProjects/mapper_repo/mapper/libstreetmap/src/Unused</pElem>
            <pElem>/homes/r/rahma314/NetBeansProjects/mapper_repo/mapper/libstreetmap/src/easygl</pElem>
            <pElem>/homes/r/rahma314/NetBeansProjects/mapper_repo/mapper</pElem>
          </incDir>
        </ccTool>
      </item>
      <folder path="0">
        <ccTool>
          <incDir>
            <pElem>libstreetmap/src</pElem>
            <pElem>libstreetmap/src/Unused</pElem>
            <pElem>libstreetmap/src/easygl</pElem>
            <pElem>/cad2/ece297s/public/include/milestones</pElem>
            <pElem>/cad2/ece297s/public/include/streetsdatabase</pElem>
            <pElem>/usr/include/cairo</pElem>
            <pElem>/usr/include/glib-2.0</pElem>
            <pElem>/usr/lib/x86_64-linux-gnu/glib-2.0/include</pElem>
            <pElem>/usr/include/pixman-1</pElem>
            <pElem>/usr/include/freetype2</pElem>
            <pElem>/usr/include/libpng12</pElem>
            <pElem>.</pElem>
          </incDir>
        </ccTool>
      </folder>
      <folder path="mapper">
        <ccTool>
          <incDir>
            <pElem>/homes/r/rahma314/NetBeansProjects/mapper/libstreetmap/src</pElem>
            <pElem>/homes/r/rahma314/NetBeansProjects/mapper/libstreetmap/src/easygl</pElem>
            <pElem>/cad2/ece297s/public/include/milestones</pElem>
            <pElem>/cad2/ece297s/public/include/streetsdatabase</pElem>
            <pElem>/usr/include/cairo</pElem>
            <pElem>/usr/include/glib-2.0</pElem>
            <pElem>/usr/lib/x86_64-linux-gnu/glib-2.0/include</pElem>
            <pElem>/usr/include/pixman-1</pElem>
            <pElem>/usr/include/freetype2</pElem>
            <pElem>/usr/include/libpng12</pElem>
            <pElem>/homes/r/rahma314/NetBeansProjects/mapper</pElem>
          </incDir>
        </ccTool>
      </folder>
      <folder path="mapper/libstreetmap/src/Unused">
        <ccTool>
          <incDir>
            <pElem>/homes/r/rahma314/NetBeansProjects/mapper_repo/mapper/libstreetmap/src</pElem>
            <pElem>/homes/r/rahma314/NetBeansProjects/mapper_repo/mapper/libstreetmap/src/Unused</pElem>
            <pElem>/homes/r/rahma314/NetBeansProjects/mapper_repo/mapper/libstreetmap/src/easygl</pElem>
            <pElem>/homes/r/rahma314/NetBeansProjects/mapper_repo/mapper</pElem>
          </incDir>
        </ccTool>
      </folder>
      <item path="libstreetmap/src/Unused/HashTable.cpp"
            ex="false"
            tool="1"
            flavor2="8">
        <ccTool flags="0">
        </ccTool>
      </item>
      <item path="libstreetmap/src/Unused/Unused_code.cpp"
            ex="false"
            tool="1"
            flavor2="8">
        <ccTool flags="0">
        </ccTool>
      </item>
      <item path="libstreetmap/src/easygl/Surface.cpp"
            ex="false"
            tool="1"
            flavor2="8">
        <ccTool flags="0">
        </ccTool>
      </item>
      <item path="libstreetmap/src/easygl/example.cpp"
            ex="false"
            tool="1"
            flavor2="8">
        <ccTool flags="0">
        </ccTool>
      </item>
      <item path="libstreetmap/src/easygl/fontcache.cpp"
            ex="false"
            tool="1"
            flavor2="8">
        <ccTool flags="0">
        </ccTool>
      </item>
      <item path="libstreetmap/src/easygl/graphics.cpp"
            ex="false"
            tool="1"
            flavor2="8">
        <ccTool flags="0">
        </ccTool>
      </item>
      <item path="libstreetmap/src/easygl/graphics_state.cpp"
            ex="false"
            tool="1"
            flavor2="8">
        <ccTool flags="0">
        </ccTool>
      </item>
      <item path="libstreetmap/src/easygl/graphics_types.cpp"
            ex="false"
            tool="1"
            flavor2="8">
        <ccTool flags="0">
        </ccTool>
      </item>
      <item path="libstreetmap/src/m1.cpp" ex="false" tool="1" flavor2="8">
        <ccTool flags="0">
        </ccTool>
      </item>
      <item path="libstreetmap/src/m2.cpp" ex="false" tool="1" flavor2="8">
        <ccTool flags="0">
        </ccTool>
      </item>
      <item path="libstreetmap/src/testFile.cpp" ex="false" tool="1" flavor2="4">
      </item>
      <item path="main/src/main.cpp" ex="false" tool="1" flavor2="8">
        <ccTool flags="0">
        </ccTool>
      </item>
    </conf>
    <conf name="Debug" type="0">
      <toolsSet>
        <compilerSet>GNU|GNU</compilerSet>
        <dependencyChecking>false</dependencyChecking>
        <rebuildPropChanged>false</rebuildPropChanged>
      </toolsSet>
      <flagsDictionary>
        <element flagsID="0" commonFlags="-std=c++11 -fopenmp"/>
      </flagsDictionary>
      <codeAssistance>
      </codeAssistance>
      <makefileType>
        <makeTool>
          <buildCommandWorkingDir>.</buildCommandWorkingDir>
          <buildCommand>${MAKE} -f Makefile CONF=debug</buildCommand>
          <cleanCommand>${MAKE} -f Makefile clean</cleanCommand>
          <executablePath>mapper</executablePath>
        </makeTool>
        <preBuild>
          <preBuildCommandWorkingDir>.</preBuildCommandWorkingDir>
          <preBuildCommand></preBuildCommand>
        </preBuild>
      </makefileType>
      <item path="/homes/r/rahma314/NetBeansProjects/mapper_repo/mapper/libstreetmap/src/Node.cpp"
            ex="false"
            tool="1"
            flavor2="8">
        <ccTool flags="0">
        </ccTool>
      </item>
      <item path="/homes/r/rahma314/NetBeansProjects/mapper_repo/mapper/libstreetmap/src/Unused/HashTable.cpp"
            ex="false"
            tool="1"
            flavor2="8">
        <ccTool flags="0">
        </ccTool>
      </item>
      <item path="/homes/r/rahma314/NetBeansProjects/mapper_repo/mapper/libstreetmap/src/Unused/Unused_code.cpp"
            ex="false"
            tool="1"
            flavor2="8">
        <ccTool flags="0">
        </ccTool>
      </item>
      <item path="/homes/r/rahma314/NetBeansProjects/mapper_repo/mapper/libstreetmap/src/easygl/Surface.cpp"
            ex="false"
            tool="1"
            flavor2="8">
        <ccTool flags="0">
        </ccTool>
      </item>
      <item path="/homes/r/rahma314/NetBeansProjects/mapper_repo/mapper/libstreetmap/src/easygl/example.cpp"
            ex="false"
            tool="1"
            flavor2="8">
        <ccTool flags="0">
        </ccTool>
      </item>
      <item path="/homes/r/rahma314/NetBeansProjects/mapper_repo/mapper/libstreetmap/src/easygl/fontcache.cpp"
            ex="false"
            tool="1"
            flavor2="8">
        <ccTool flags="0">
        </ccTool>
      </item>
      <item path="/homes/r/rahma314/NetBeansProjects/mapper_repo/mapper/libstreetmap/src/easygl/graphics.cpp"
            ex="false"
            tool="1"
            flavor2="8">
        <ccTool flags="0">
        </ccTool>
      </item>
      <item path="/homes/r/rahma314/NetBeansProjects/mapper_repo/mapper/libstreetmap/src/easygl/graphics_state.cpp"
            ex="false"
            tool="1"
            flavor2="8">
        <ccTool flags="0">
        </ccTool>
      </item>
      <item path="/homes/r/rahma314/NetBeansProjects/mapper_repo/mapper/libstreetmap/src/easygl/graphics_types.cpp"
            ex="false"
            tool="1"
            flavor2="8">
        <ccTool flags="0">
        </ccTool>
      </item>
      <item path="/homes/r/rahma314/NetBeansProjects/mapper_repo/mapper/libstreetmap/src/m1.cpp"
            ex="false"
            tool="1"
            flavor2="8">
        <ccTool flags="0">
        </ccTool>
      </item>
      <item path="/homes/r/rahma314/NetBeansProjects/mapper_repo/mapper/libstreetmap/src/m2.cpp"
            ex="false"
            tool="1"
            flavor2="8">
        <ccTool flags="0">
        </ccTool>
      </item>
      <item path="/homes/r/rahma314/NetBeansProjects/mapper_repo/mapper/libstreetmap/src/m3.cpp"
            ex="false"
            tool="1"
            flavor2="8">
        <ccTool flags="0">
        </ccTool>
      </item>
      <item path="/homes/r/rahma314/NetBeansProjects/mapper_repo/mapper/libstreetmap/src/testFile.cpp"
            ex="false"
            tool="1"
            flavor2="8">
        <ccTool flags="0">
        </ccTool>
      </item>
      <item path="/homes/r/rahma314/NetBeansProjects/mapper_repo/mapper/main/src/main.cpp"
            ex="false"
            tool="1"
            flavor2="8">
        <ccTool flags="0">
        </ccTool>
      </item>
      <folder path="0">
        <ccTool>
          <incDir>
            <pElem>libstreetmap/src</pElem>
            <pElem>/cad2/ece297s/public/include/milestones</pElem>
            <pElem>/cad2/ece297s/public/include/streetsdatabase</pElem>
            <pElem>/usr/include/freetype2</pElem>
            <pElem>.</pElem>
          </incDir>
        </ccTool>
      </folder>
      <folder path="0/libstreetmap">
        <ccTool>
          <preprocessorList>
            <Elem>_GLIBCXX_DEBUG</Elem>
          </preprocessorList>
        </ccTool>
      </folder>
      <folder path="mapper">
        <ccTool>
          <incDir>
            <pElem>/homes/r/rahma314/NetBeansProjects/mapper_repo/mapper/libstreetmap/src</pElem>
            <pElem>/homes/r/rahma314/NetBeansProjects/mapper_repo/mapper/libstreetmap/src/Unused</pElem>
            <pElem>/homes/r/rahma314/NetBeansProjects/mapper_repo/mapper/libstreetmap/src/easygl</pElem>
            <pElem>/cad2/ece297s/public/include/milestones</pElem>
            <pElem>/cad2/ece297s/public/include/streetsdatabase</pElem>
            <pElem>/usr/include/cairo</pElem>
            <pElem>/usr/include/glib-2.0</pElem>
            <pElem>/usr/lib/x86_64-linux-gnu/glib-2.0/include</pElem>
            <pElem>/usr/include/pixman-1</pElem>
            <pElem>/usr/include/freetype2</pElem>
            <pElem>/usr/include/libpng12</pElem>
            <pElem>/homes/r/rahma314/NetBeansProjects/mapper_repo/mapper</pElem>
          </incDir>
        </ccTool>
      </folder>
      <item path="libstreetmap/src/Unused/HashTable.cpp"
            ex="false"
            tool="1"
            flavor2="8">
        <ccTool flags="0">
        </ccTool>
      </item>
      <item path="libstreetmap/src/Unused/Unused_code.cpp"
            ex="false"
            tool="1"
            flavor2="4">
      </item>
      <item path="libstreetmap/src/m1.cpp" ex="false" tool="1" flavor2="8">
        <ccTool flags="0">
        </ccTool>
      </item>
      <item path="libstreetmap/src/m2.cpp" ex="false" tool="1" flavor2="4">
      </item>
      <item path="libstreetmap/src/testFile.cpp" ex="false" tool="1" flavor2="4">
      </item>
      <item path="main/src/main.cpp" ex="false" tool="1" flavor2="8">
        <ccTool flags="0">
        </ccTool>
      </item>
    </conf>
    <conf name="DebugCheck" type="0">
      <toolsSet>
        <compilerSet>default</compilerSet>
        <dependencyChecking>false</dependencyChecking>
        <rebuildPropChanged>false</rebuildPropChanged>
      </toolsSet>
      <flagsDictionary>
        <element flagsID="0" commonFlags="-std=c++11 -fsanitize=address -fopenmp"/>
      </flagsDictionary>
      <codeAssistance>
      </codeAssistance>
      <makefileType>
        <makeTool>
          <buildCommandWorkingDir>.</buildCommandWorkingDir>
          <buildCommand>${MAKE} -f Makefile CONF=debug_check</buildCommand>
          <cleanCommand>${MAKE} -f Makefile clean</cleanCommand>
          <executablePath>mapper</executablePath>
          <ccTool>
            <incDir>
              <pElem>/cad2/ece297s/public/include/milestones</pElem>
              <pElem>/cad2/ece297s/public/include/streetsdatabase</pElem>
              <pElem>/usr/include/freetype2</pElem>
              <pElem>.</pElem>
            </incDir>
            <preprocessorList>
              <Elem>_GLIBCXX_DEBUG</Elem>
            </preprocessorList>
          </ccTool>
        </makeTool>
        <preBuild>
          <preBuildCommandWorkingDir>.</preBuildCommandWorkingDir>
          <preBuildCommand></preBuildCommand>
        </preBuild>
      </makefileType>
      <item path="build/debug/libstreetmap/src/HashTable.h"
            ex="false"
            tool="3"
            flavor2="0">
      </item>
      <item path="libstreetmap/src/Unused/HashTable.cpp"
            ex="false"
            tool="1"
            flavor2="0">
      </item>
      <item path="libstreetmap/src/Unused/HashTable.h"
            ex="false"
            tool="3"
            flavor2="0">
      </item>
      <item path="libstreetmap/src/Unused/Unused_code.cpp"
            ex="false"
            tool="1"
            flavor2="0">
      </item>
      <item path="libstreetmap/src/m1.cpp" ex="false" tool="1" flavor2="8">
        <ccTool flags="0">
        </ccTool>
      </item>
      <item path="libstreetmap/src/m2.cpp" ex="false" tool="1" flavor2="0">
      </item>
      <item path="libstreetmap/src/testFile.cpp" ex="false" tool="1" flavor2="0">
      </item>
      <item path="main/src/main.cpp" ex="false" tool="1" flavor2="8">
        <ccTool flags="0">
        </ccTool>
      </item>
    </conf>
    <conf name="UnitTest_Release" type="0">
      <toolsSet>
        <compilerSet>GNU|GNU</compilerSet>
        <dependencyChecking>false</dependencyChecking>
        <rebuildPropChanged>false</rebuildPropChanged>
      </toolsSet>
      <flagsDictionary>
        <element flagsID="0" commonFlags="-O3 -std=c++11 -fopenmp"/>
        <element flagsID="1" commonFlags="-std=c++11 -O3 -fopenmp"/>
      </flagsDictionary>
      <codeAssistance>
      </codeAssistance>
      <makefileType>
        <makeTool>
          <buildCommandWorkingDir>.</buildCommandWorkingDir>
          <buildCommand>${MAKE} -f Makefile test_libstreetmap CONF=release</buildCommand>
          <cleanCommand>${MAKE} -f Makefile clean</cleanCommand>
          <executablePath>test_libstreetmap</executablePath>
          <ccTool>
            <incDir>
              <pElem>libstreetmap/src</pElem>
            </incDir>
          </ccTool>
        </makeTool>
        <preBuild>
          <preBuildCommandWorkingDir>.</preBuildCommandWorkingDir>
          <preBuildCommand></preBuildCommand>
        </preBuild>
      </makefileType>
      <folder path="0/libstreetmap">
        <ccTool>
          <incDir>
            <pElem>/cad2/ece297s/public/include/milestones</pElem>
            <pElem>/cad2/ece297s/public/include/streetsdatabase</pElem>
            <pElem>/usr/include/freetype2</pElem>
            <pElem>.</pElem>
          </incDir>
        </ccTool>
      </folder>
      <folder path="0/main">
        <ccTool>
          <incDir>
            <pElem>libstreetsdatabase/src</pElem>
            <pElem>main/src</pElem>
            <pElem>/cad2/ece297s/public/include/streetsdatabase</pElem>
            <pElem>/cad2/ece297s/public/include/milestones</pElem>
            <pElem>/usr/include/freetype2</pElem>
            <pElem>.</pElem>
          </incDir>
        </ccTool>
      </folder>
      <item path="libstreetmap/src/Unused/HashTable.cpp"
            ex="false"
            tool="1"
            flavor2="8">
        <ccTool flags="1">
        </ccTool>
      </item>
      <item path="libstreetmap/src/Unused/Unused_code.cpp"
            ex="false"
            tool="1"
            flavor2="0">
      </item>
      <item path="libstreetmap/src/m1.cpp" ex="false" tool="1" flavor2="8">
        <ccTool flags="1">
        </ccTool>
      </item>
      <item path="libstreetmap/src/m2.cpp" ex="false" tool="1" flavor2="0">
      </item>
      <item path="libstreetmap/src/testFile.cpp" ex="false" tool="1" flavor2="0">
      </item>
      <item path="libstreetmap/tests/M1_find_street_ids_from_name.cpp"
            ex="false"
            tool="1"
            flavor2="8">
        <ccTool flags="1">
        </ccTool>
      </item>
      <item path="libstreetmap/tests/tester_main.cpp" ex="false" tool="1" flavor2="8">
        <ccTool flags="1">
        </ccTool>
      </item>
      <item path="main/src/main.cpp" ex="false" tool="1" flavor2="8">
        <ccTool flags="0">
        </ccTool>
      </item>
    </conf>
    <conf name="UnitTest_Debug" type="0">
      <toolsSet>
        <compilerSet>GNU|GNU</compilerSet>
        <dependencyChecking>false</dependencyChecking>
        <rebuildPropChanged>false</rebuildPropChanged>
      </toolsSet>
      <flagsDictionary>
        <element flagsID="0" commonFlags="-std=c++11 -fopenmp"/>
      </flagsDictionary>
      <codeAssistance>
      </codeAssistance>
      <makefileType>
        <makeTool>
          <buildCommandWorkingDir>.</buildCommandWorkingDir>
          <buildCommand>${MAKE} -f Makefile test_libstreetmap CONF=debug</buildCommand>
          <cleanCommand>${MAKE} -f Makefile clean</cleanCommand>
          <executablePath>test_libstreetmap</executablePath>
        </makeTool>
        <preBuild>
          <preBuildCommandWorkingDir>.</preBuildCommandWorkingDir>
          <preBuildCommand></preBuildCommand>
        </preBuild>
      </makefileType>
      <item path="build/debug/libstreetmap/src/HashTable.h"
            ex="false"
            tool="3"
            flavor2="0">
      </item>
      <folder path="0/libstreetmap/src">
        <ccTool>
          <incDir>
            <pElem>libstreetmap/src</pElem>
            <pElem>libstreetmap/src/m4_optimizers/annealer</pElem>
            <pElem>libstreetmap/src/optimizer</pElem>
            <pElem>libstreetmap/src/optimizer/util</pElem>
            <pElem>/cad2/ece297s/public/include/streetsdatabase</pElem>
            <pElem>/cad2/ece297s/public/include/milestones</pElem>
            <pElem>main/src</pElem>
            <pElem>/usr/include/freetype2</pElem>
            <pElem>.</pElem>
          </incDir>
        </ccTool>
      </folder>
      <folder path="0/libstreetmap/tests">
        <ccTool>
          <incDir>
            <pElem>/cad2/ece297s/public/include/milestones</pElem>
            <pElem>/cad2/ece297s/public/include/streetsdatabase</pElem>
            <pElem>/usr/include/freetype2</pElem>
            <pElem>.</pElem>
          </incDir>
        </ccTool>
      </folder>
      <item path="libstreetmap/src/Unused/HashTable.cpp"
            ex="false"
            tool="1"
            flavor2="0">
      </item>
      <item path="libstreetmap/src/Unused/HashTable.h"
            ex="false"
            tool="3"
            flavor2="0">
      </item>
      <item path="libstreetmap/src/Unused/Unused_code.cpp"
            ex="false"
            tool="1"
            flavor2="0">
      </item>
      <item path="libstreetmap/src/m1.cpp" ex="false" tool="1" flavor2="8">
        <ccTool flags="0">
        </ccTool>
      </item>
      <item path="libstreetmap/src/m2.cpp" ex="false" tool="1" flavor2="0">
      </item>
      <item path="libstreetmap/src/testFile.cpp" ex="false" tool="1" flavor2="0">
      </item>
      <item path="libstreetmap/tests/tester_main.cpp" ex="false" tool="1" flavor2="8">
        <ccTool flags="0">
        </ccTool>
      </item>
    </conf>
    <conf name="UnitTest_DebugCheck" type="0">
      <toolsSet>
        <compilerSet>GNU|GNU</compilerSet>
        <dependencyChecking>false</dependencyChecking>
        <rebuildPropChanged>false</rebuildPropChanged>
      </toolsSet>
      <flagsDictionary>
        <element flagsID="0" commonFlags="-std=c++11 -fopenmp"/>
        <element flagsID="1" commonFlags="-std=c++11 -fsanitize=address -fopenmp"/>
      </flagsDictionary>
      <codeAssistance>
      </codeAssistance>
      <makefileType>
        <makeTool>
          <buildCommandWorkingDir>.</buildCommandWorkingDir>
          <buildCommand>${MAKE} -f Makefile test_libstreetmap CONF=debug_check</buildCommand>
          <cleanCommand>${MAKE} -f Makefile clean</cleanCommand>
          <executablePath>test_libstreetmap</executablePath>
          <ccTool>
            <preprocessorList>
              <Elem>_GLIBCXX_DEBUG</Elem>
            </preprocessorList>
          </ccTool>
        </makeTool>
        <preBuild>
          <preBuildCommandWorkingDir>.</preBuildCommandWorkingDir>
          <preBuildCommand></preBuildCommand>
        </preBuild>
      </makefileType>
      <item path="build/debug/libstreetmap/src/HashTable.h"
            ex="false"
            tool="3"
            flavor2="0">
      </item>
      <folder path="0/libstreetmap/src">
        <ccTool>
          <incDir>
            <pElem>libstreetmap/src</pElem>
            <pElem>/cad2/ece297s/public/include/streetsdatabase</pElem>
            <pElem>/cad2/ece297s/public/include/milestones</pElem>
            <pElem>libstreetsdatabase/src</pElem>
            <pElem>main/src</pElem>
            <pElem>/usr/include/freetype2</pElem>
            <pElem>.</pElem>
          </incDir>
        </ccTool>
      </folder>
      <folder path="0/libstreetmap/tests">
        <ccTool>
          <incDir>
            <pElem>/cad2/ece297s/public/include/milestones</pElem>
            <pElem>/cad2/ece297s/public/include/streetsdatabase</pElem>
            <pElem>/usr/include/freetype2</pElem>
            <pElem>.</pElem>
          </incDir>
        </ccTool>
      </folder>
      <item path="libstreetmap/src/Unused/HashTable.cpp"
            ex="false"
            tool="1"
            flavor2="0">
      </item>
      <item path="libstreetmap/src/Unused/HashTable.h"
            ex="false"
            tool="3"
            flavor2="0">
      </item>
      <item path="libstreetmap/src/Unused/Unused_code.cpp"
            ex="false"
            tool="1"
            flavor2="0">
      </item>
      <item path="libstreetmap/src/m1.cpp" ex="false" tool="1" flavor2="8">
        <ccTool flags="0">
        </ccTool>
      </item>
      <item path="libstreetmap/src/m2.cpp" ex="false" tool="1" flavor2="0">
      </item>
      <item path="libstreetmap/src/testFile.cpp" ex="false" tool="1" flavor2="0">
      </item>
      <item path="libstreetmap/tests/tester_main.cpp" ex="false" tool="1" flavor2="8">
        <ccTool flags="1">
        </ccTool>
      </item>
    </conf>
    <conf name="Profile" type="0">
      <toolsSet>
        <compilerSet>GNU|GNU</compilerSet>
        <dependencyChecking>false</dependencyChecking>
        <rebuildPropChanged>false</rebuildPropChanged>
      </toolsSet>
      <flagsDictionary>
        <element flagsID="0" commonFlags="-std=c++11 -O3 -fopenmp"/>
      </flagsDictionary>
      <codeAssistance>
      </codeAssistance>
      <makefileType>
        <makeTool>
          <buildCommandWorkingDir>.</buildCommandWorkingDir>
          <buildCommand>${MAKE} -f Makefile CONF=profile</buildCommand>
          <cleanCommand>${MAKE} -f Makefile clean</cleanCommand>
          <executablePath>mapper</executablePath>
          <ccTool>
            <incDir>
              <pElem>/cad2/ece297s/public/include/milestones</pElem>
              <pElem>/cad2/ece297s/public/include/streetsdatabase</pElem>
              <pElem>/usr/include/freetype2</pElem>
              <pElem>.</pElem>
            </incDir>
          </ccTool>
        </makeTool>
        <preBuild>
          <preBuildCommandWorkingDir>.</preBuildCommandWorkingDir>
          <preBuildCommand></preBuildCommand>
        </preBuild>
      </makefileType>
      <item path="build/debug/libstreetmap/src/HashTable.h"
            ex="false"
            tool="3"
            flavor2="0">
      </item>
      <item path="libstreetmap/src/Unused/HashTable.cpp"
            ex="false"
            tool="1"
            flavor2="0">
      </item>
      <item path="libstreetmap/src/Unused/HashTable.h"
            ex="false"
            tool="3"
            flavor2="0">
      </item>
      <item path="libstreetmap/src/Unused/Unused_code.cpp"
            ex="false"
            tool="1"
            flavor2="0">
      </item>
      <item path="libstreetmap/src/m1.cpp" ex="false" tool="1" flavor2="8">
        <ccTool flags="0">
        </ccTool>
      </item>
      <item path="libstreetmap/src/m2.cpp" ex="false" tool="1" flavor2="0">
      </item>
      <item path="libstreetmap/src/testFile.cpp" ex="false" tool="1" flavor2="0">
      </item>
      <item path="main/src/main.cpp" ex="false" tool="1" flavor2="8">
        <ccTool flags="0">
        </ccTool>
      </item>
    </conf>
  </confs>
</configurationDescriptor>
