<?xml version="1.0" encoding="UTF-8"?>
<project-private xmlns="http://www.netbeans.org/ns/project-private/1">
    <data xmlns="http://www.netbeans.org/ns/make-project-private/1">
        <activeConfTypeElem>0</activeConfTypeElem>
        <activeConfIndexElem>0</activeConfIndexElem>
    </data>
    <editor-bookmarks xmlns="http://www.netbeans.org/ns/editor-bookmarks/2" lastBookmarkId="0"/>
    <open-files xmlns="http://www.netbeans.org/ns/projectui-open-files/2">
        <group>
            <file>file:/nfs/ug/homes-5/r/rahma314/NetBeansProjects/mapper_repo/mapper/libstreetmap/src/m2Mod.h</file>
            <file>file:/nfs/ug/homes-5/r/rahma314/NetBeansProjects/mapper_repo/mapper/libstreetmap/src/m2.cpp</file>
            <file>file:/nfs/ug/homes-5/r/rahma314/NetBeansProjects/mapper_repo/mapper/libstreetmap/src/m3.cpp</file>
            <file>file:/nfs/ug/homes-5/r/rahma314/NetBeansProjects/mapper_repo/mapper/main/src/main.cpp</file>
            <file>file:/nfs/ug/homes-5/r/rahma314/NetBeansProjects/mapper_repo/mapper/libstreetmap/src/m1.cpp</file>
            <file>file:/nfs/ug/homes-5/r/rahma314/NetBeansProjects/mapper_repo/mapper/libstreetmap/src/testFile.cpp</file>
            <file>file:/nfs/ug/homes-5/r/rahma314/NetBeansProjects/mapper_repo/mapper/libstreetmap/src/Global_Variables.h</file>
            <file>file:/nfs/ug/homes-5/r/rahma314/NetBeansProjects/mapper_repo/mapper/libstreetmap/src/DataStructures.h</file>
            <file>file:/nfs/ug/homes-5/r/rahma314/NetBeansProjects/mapper_repo/mapper/libstreetmap/src/m3Mod.h</file>
        </group>
    </open-files>
</project-private>
